Date,AAPL,CHK,DLR,GOV,MYGN,ORA
2015-01-02,103.86646999999999,19.546923,59.218540000000004,17.934309,34.610001000000004,26.745132
2015-01-05,100.940392,18.290617,60.35993199999999,18.049170999999998,34.130001,25.896856
2015-01-06,100.94989,17.796008999999998,60.172665,17.918991000000002,33.98,25.536095
2015-01-07,102.36544,17.736656,60.654185999999996,17.980251000000003,36.84,25.653097
2015-01-08,106.29853100000001,18.211479,61.447811,18.010885000000002,37.450001,25.916357
2015-01-09,106.412552,18.171913,60.796867000000006,17.911333,38.099998,25.701849
2015-01-12,103.790474,17.499245000000002,61.367561,17.773495,38.93,26.140612
2015-01-13,104.711998,17.744789,62.232521,17.497818,39.419998,26.764635
2015-01-14,104.312988,18.649426000000002,63.329330000000006,17.605024,39.490002000000004,26.589132
2015-01-15,101.481903,18.22196,63.78410699999999,17.597368,39.450001,26.462376000000003
2015-01-16,100.693382,18.917835,64.292381,17.842417,38.91,26.559879
2015-01-20,103.286957,18.967539000000002,64.89872700000001,17.727549,37.98,26.062613
2015-01-21,104.075485,19.752883999999998,64.729301,17.594901999999998,36.560001,25.857857
2015-01-22,106.78305800000001,19.504356,65.549683,17.938217,36.779999,25.877359
2015-01-23,107.334084,19.544121,65.67453,17.867998,36.200001,26.394125
2015-01-26,107.448074,20.02129,66.031212,18.094273,36.650002,26.988895
2015-01-27,103.68596600000001,20.130642,66.004463,18.078667000000003,37.869999,26.657381
2015-01-28,109.54763799999999,19.017244,66.334404,18.016247,37.790001000000004,26.579382
2015-01-29,112.958244,19.096771,66.075806,18.117682000000002,38.34,26.940141999999998
2015-01-30,111.30518300000001,19.06695,65.04142,17.789968,37.419998,26.082110999999998
2015-02-02,112.70172099999999,20.399051999999998,65.308922,17.922615,37.400002,26.169863
2015-02-03,112.72071799999999,20.886164,65.415932,18.187904,38.119999,26.706133
2015-02-04,113.58525800000001,20.399051999999998,65.549683,18.086470000000002,34.619999,26.520882
2015-02-05,114.39596599999999,20.727106,66.147133,18.304945,34.259997999999996,27.2619
2015-02-06,113.43263999999999,20.667461,62.17010500000001,17.750958999999998,32.630001,26.745132
2015-02-09,114.186127,20.369228,60.61851899999999,17.680735000000002,32.919998,29.562977000000004
2015-02-10,116.379814,20.11076,61.661823,17.626116,33.259997999999996,30.937772999999996
2015-02-11,119.10761299999999,19.941763,62.000679000000005,17.672933999999998,32.830002,29.582479
2015-02-12,120.614594,20.379169,63.061813,18.070866,33.630001,29.348469
2015-02-13,121.205933,20.955751,61.215968999999994,17.961628,34.029999,29.66048
2015-02-17,121.921249,21.134689,60.012161,17.89921,33.599998,29.621478999999997
2015-02-18,122.77013400000001,20.627695000000003,60.261844999999994,18.031852999999998,33.779999,29.777490999999998
2015-02-19,122.512596,20.279757999999998,59.093697,17.711942999999998,33.970001,31.191284000000003
2015-02-20,123.51408400000001,20.180347,60.119164000000005,17.828985,34.32,31.064528999999997
2015-02-23,126.85228000000001,19.593823999999998,60.57394,18.164497,35.07,30.557508000000002
2015-02-24,126.060654,19.762823,59.521725,18.180099,34.049999,31.191284000000003
2015-02-25,122.836899,17.874022,59.004523999999996,18.367365,35.419998,31.805553000000003
2015-02-26,124.39154099999999,17.098620999999998,58.353577,18.047459,34.959998999999996,34.126129
2015-02-27,122.52215600000001,16.581685999999998,59.191788,18.250322,34.07,33.248591999999995
2015-03-02,123.12301599999999,16.502157,59.691143000000004,17.914812,33.490002000000004,32.634331
2015-03-03,123.38053899999998,16.104515,59.494965,18.086470000000002,33.919998,32.371071
2015-03-04,122.59843400000001,15.398698999999999,58.49625,18.024051999999998,34.299999,32.478328999999995
2015-03-05,120.56691000000001,15.826164000000002,58.737010999999995,17.969431,34.790001000000004,32.87809
2015-03-06,120.748108,15.080585000000001,57.952309,17.51688,35.130001,32.244316
2015-03-09,121.263153,14.156067000000002,57.506451,17.376432,34.919998,34.32114
2015-03-10,118.754723,13.758425,57.604542,17.376432,34.529999,33.443607
2015-03-11,116.589638,14.205772,58.29128299999999,17.329617000000002,34.84,34.028625
2015-03-12,118.697479,13.837953,58.688857999999996,17.587103,35.029999,36.139538
2015-03-13,117.87724299999999,13.71866,58.255131000000006,17.524681,35.27,35.621578
2015-03-16,119.174377,13.877717,58.688857999999996,17.5793,36.439999,35.807259
2015-03-17,121.16776999999999,13.728601000000001,58.715965000000004,17.548088,36.380001,36.628166
2015-03-18,122.531677,14.046716,59.673781999999996,17.836786,36.529999,36.501121999999995
2015-03-19,121.606522,13.420428,60.134620999999996,17.774364000000002,37.16,36.989754
2015-03-20,120.080482,13.529779000000001,61.697844999999994,18.1723,37.029999,37.067947
2015-03-23,121.32991799999999,14.026832999999998,61.011116,18.109879,37.779999,36.784538
2015-03-24,120.83396100000002,14.175949,60.342442000000005,17.922615,37.630001,37.126579
2015-03-25,117.67696399999998,14.255478,60.18883100000001,17.727549,36.200001,36.49136
2015-03-26,118.497215,14.136185000000001,60.243053,17.618313,35.549999,36.589077
2015-03-27,117.552971,13.947304999999998,59.393668999999996,17.711942999999998,35.759997999999996,36.686817
2015-03-30,120.528755,13.887657999999998,60.324379,17.977232,35.360001000000004,37.077713
2015-03-31,118.67841299999999,14.076538000000001,59.601498,17.828985,35.400002,37.155899
2015-04-01,118.506744,14.265419,58.896687,17.836786,34.77,37.771584000000004
2015-04-02,119.52728300000001,14.504004,59.493061,17.883604000000002,35.099998,37.683624
2015-04-06,121.46343999999999,15.060702,59.990051,18.016247,35.110001000000004,37.429534999999994
2015-04-07,120.185402,15.259523999999999,59.664749,17.766563,35.209998999999996,37.048401
2015-04-08,119.79434199999999,15.010998,59.971977,17.696339000000002,36.360001000000004,36.794308
2015-04-09,120.709961,15.140231,59.050293,17.407642000000003,35.91,36.774753999999994
2015-04-10,121.22500600000001,14.842,58.932835,17.548088,35.5,36.618396999999995
2015-04-13,120.98656499999998,14.77,58.788254,17.563694,35.02,37.038624
2015-04-14,120.46198999999999,15.25,59.113548,17.532484,34.470001,36.090668
2015-04-15,120.91979199999999,16.02,58.833434999999994,17.423246,34.52,36.657486
2015-04-16,120.33798999999999,15.87,59.104523,17.485670000000002,35.490002000000004,36.911578999999996
2015-04-17,118.983627,15.45,59.014153,17.423246,35.34,36.002724
2015-04-20,121.701889,15.3,59.456924,17.548088,34.27,36.901798
2015-04-21,121.0438,14.57,60.10751,17.423246,33.459998999999996,36.764988
2015-04-22,122.674751,14.41,59.899693000000006,17.542583,33.740002000000004,36.979984
2015-04-23,123.676208,14.54,59.511143000000004,17.534628,34.360001000000004,36.87249
2015-04-24,124.25799599999999,14.54,60.288239000000004,17.542583,33.59,37.449078
2015-04-27,126.518456,14.39,60.224987,17.574409,34.0,36.657486
2015-04-28,124.52507800000001,14.55,58.779221,17.502807999999998,33.560001,37.341576
2015-04-29,122.693825,15.1,57.694901,17.216394,33.529999,36.823627
2015-04-30,119.36513500000001,15.77,57.297318000000004,16.579926999999998,33.029999,35.758392
2015-05-01,122.98948700000001,16.540001,57.938877000000005,16.277608999999998,34.18,35.875668
2015-05-04,122.751053,16.389999,58.119587,16.086666,34.529999,35.953854
2015-05-05,119.985092,15.86,57.00816700000001,15.593407000000001,34.540001000000004,35.318626
2015-05-06,119.231606,14.72,57.694901,15.577497,33.669998,35.670448
2015-05-07,119.969086,14.5,58.589462,15.728660999999999,32.66,35.377258000000005
2015-05-08,122.229424,15.28,59.43885,15.863907000000001,33.369999,35.817032
2015-05-11,120.984306,15.18,58.444889,15.680923000000002,34.32,36.21772
2015-05-12,120.553329,15.45,58.300301,15.712745000000002,34.66,36.452267
2015-05-13,120.68741599999998,15.23,58.490081999999994,15.609322,34.07,36.579304
2015-05-14,123.503227,15.09,59.529208999999994,15.840035999999998,34.16,37.09726
2015-05-15,123.33083300000001,15.0,60.270164,15.959376,33.98,37.048321
2015-05-18,124.69086499999999,14.89,59.881603000000005,15.879814000000001,34.25,37.25388
2015-05-19,124.57591200000002,14.57,59.547279,15.665010999999998,34.369999,36.725311
2015-05-20,124.56633799999999,14.75,59.70993000000001,15.824128,34.450001,37.185359999999996
2015-05-21,125.84016399999999,15.31,59.610535,15.680923000000002,34.470001,37.116833
2015-05-22,126.941574,15.06,59.908726,15.609322,34.599998,36.715519
2015-05-26,124.14492,14.92,59.990051,15.577497,34.639998999999996,36.030346
2015-05-27,126.462708,14.76,60.288239000000004,15.736610999999998,34.27,36.842762
2015-05-28,126.213676,14.05,60.089439,15.744568,33.849998,36.392513
2015-05-29,124.777046,14.11,59.673781999999996,15.529762,33.950001,36.314205
2015-06-01,125.02606200000001,13.86,60.234019999999994,15.70479,32.959998999999996,36.656788
2015-06-02,124.47058100000001,14.05,59.98101,15.712745000000002,32.889998999999996,36.862343
2015-06-03,124.623802,13.56,58.81535699999999,15.617273999999998,34.57,36.930859000000005
2015-06-04,123.89591200000001,13.04,58.462952,15.553628,33.709998999999996,36.235896999999994
2015-06-05,123.21590400000001,13.15,58.146698,15.394517,33.279999,36.245689
2015-06-08,122.401802,13.16,57.975018000000006,15.370644,32.98,36.206534999999995
2015-06-09,122.037849,13.22,57.694901,15.028545999999999,32.610001000000004,36.147804
2015-06-10,123.43618799999999,13.06,58.734039,14.996723999999999,32.700001,36.55891
2015-06-11,123.15841699999999,12.5,59.695384999999995,15.187664000000002,33.189999,36.186962
2015-06-12,121.79841599999999,12.25,60.949734,15.179704999999998,31.969998999999998,36.079291999999995
2015-06-15,121.558975,12.21,60.391224,15.020589000000001,31.530001000000002,36.862343
2015-06-16,122.210251,12.53,61.343422,15.139928,32.41,37.25388
2015-06-17,121.92291999999999,12.09,61.956852000000005,15.179704999999998,32.360001000000004,36.872128000000004
2015-06-18,122.47840900000001,11.88,62.9823,15.307001999999999,33.0,37.459419
2015-06-19,121.25248700000002,11.79,62.194901,15.410426000000001,33.759997999999996,37.508369
2015-06-22,122.219826,11.89,61.85614,15.410426000000001,34.68,38.673157
2015-06-23,121.664322,11.78,61.178622999999995,15.434292000000001,34.73,38.203323
2015-06-24,122.69870800000001,11.55,60.8307,15.267222,34.349998,37.997776
2015-06-25,122.114471,11.11,60.620121,15.052415,33.66,37.616043
2015-06-26,121.396149,11.16,60.903946,15.092191,34.139998999999996,37.596458
2015-06-29,119.26991299999999,11.03,60.327141000000005,14.845563,33.400002,36.147804
2015-06-30,120.131905,11.17,61.050442000000004,14.75805,33.990002000000004,36.881927000000005
2015-07-01,121.25248700000002,10.55,62.680164000000005,14.909207,34.34,36.940651
2015-07-02,121.099236,10.77,63.092175,14.742135999999999,34.57,36.725311
2015-07-06,120.677834,10.42,63.018925,14.718268,33.970001,36.921078
2015-07-07,120.380928,11.46,63.202034,14.988766,34.849998,37.537727000000004
2015-07-08,117.392715,11.31,62.9823,14.877384,33.369999,36.784039
2015-07-09,114.998314,11.68,62.194901,14.781918,33.5,36.676369
2015-07-10,118.072723,11.37,63.293591000000006,14.925120999999999,34.32,37.743286
2015-07-13,120.35219599999999,10.9,62.643539000000004,15.044456,33.419998,38.301208
2015-07-14,120.304298,11.38,63.11048100000001,15.076282999999998,33.77,38.173962
2015-07-15,121.463196,11.29,61.837837,15.171751,34.830002,37.987991
2015-07-16,123.081818,11.58,62.286469,15.330867000000001,34.970001,38.203323
2015-07-17,124.14492,10.94,62.011798999999996,15.291085999999998,35.040001000000004,38.232693
2015-07-20,126.49146299999998,10.27,62.057564,15.187664000000002,34.669998,38.1446
2015-07-21,125.22718799999998,9.29,60.885631999999994,15.171751,34.279999,38.54591
2015-07-22,119.930779,9.05,60.702518000000005,15.008965,35.189999,39.054901
2015-07-23,119.873306,8.71,59.786944999999996,14.610134,34.779999,38.8885
2015-07-24,119.241196,8.28,59.695384999999995,14.634552,33.880001,38.682945000000004
2015-07-27,117.584259,8.37,59.521435,14.520601999999998,33.169998,38.76125
2015-07-28,118.168503,9.0,58.972092,14.488044,33.700001,38.976593
2015-07-29,117.794968,9.15,59.310848,14.626413000000001,33.32,39.074474
2015-07-30,117.20116399999999,8.97,59.182674,14.276423000000001,33.639998999999996,39.299614
2015-07-31,116.176353,8.66,58.843903000000005,14.05666,34.119999,39.818375
2015-08-03,113.43715700000001,8.15,59.19183,14.129914999999999,33.830002,39.240875
2015-08-04,109.79766799999999,8.0,59.814418999999994,13.934569,32.98,37.606246999999996
2015-08-05,110.525574,7.03,59.521435,13.535741,33.200001,37.488792
2015-08-06,110.76608999999999,8.19,59.695384999999995,13.576437,31.530001000000002,37.009171
2015-08-07,111.141319,8.32,59.759476,13.503182999999998,30.940001000000002,36.754673
2015-08-10,115.18211399999998,8.63,59.292542000000005,13.503182999999998,31.610001,37.087475
2015-08-11,109.188248,8.21,59.759476,13.478765,31.08,36.627421999999996
2015-08-12,110.871918,8.02,60.05246700000001,13.429929000000001,33.200001,36.842762
2015-08-13,110.785339,7.5,60.510245999999995,13.486906,33.919998,37.018959
2015-08-14,111.56462900000001,7.49,61.160316,13.560158,32.959998999999996,37.538559
2015-08-17,112.71916200000001,7.57,61.425812,13.731086999999999,34.369999,36.813076
2015-08-18,112.084152,7.76,61.49906899999999,13.706667000000001,34.560001,36.097404
2015-08-19,110.65064199999999,7.34,61.261021,13.698526999999999,34.130001,35.626823
2015-08-20,108.380096,7.15,61.041286,13.674107999999999,32.459998999999996,35.303298999999996
2015-08-21,101.75125899999999,6.87,60.382065000000004,13.364815,33.450001,35.107227
2015-08-24,99.211334,6.61,57.571259,12.713666,31.41,33.999396999999995
2015-08-25,99.807816,6.03,56.582439,12.371813000000001,32.970001,34.136654
2015-08-26,105.53229499999999,6.34,57.937495999999996,12.567158000000001,34.330002,34.420959
2015-08-27,108.63986200000001,7.02,59.228446999999996,12.795060000000001,35.459998999999996,34.862133
2015-08-28,108.995834,7.39,59.521435,12.965985,36.43,34.852321999999994
2015-08-31,108.48593100000001,7.81,57.974113,12.892732,37.560001,34.509192999999996
2015-09-01,103.636963,7.57,56.326080000000005,12.746222999999999,36.650002,33.528824
2015-09-02,108.081833,7.38,57.269123,12.892732,38.82,33.97979
2015-09-03,106.186516,7.44,57.864245999999994,12.78692,38.0,33.813126000000004
2015-09-04,105.128212,7.27,56.902893000000006,12.559018,38.360001000000004,33.548428
2015-09-08,108.05297900000001,7.67,57.974113,12.778781,38.77,33.852340999999996
2015-09-09,105.97485400000001,7.63,56.481724,12.412508,38.509997999999996,33.891556
2015-09-10,108.30311599999999,7.59,56.536663,12.453207,38.389998999999996,34.420959
2015-09-11,109.880959,7.57,57.288619999999995,12.689248,38.459998999999996,34.666053999999995
2015-09-14,110.93926200000001,7.92,57.929188,12.697388,39.27,34.656254
2015-09-15,111.872498,7.89,58.486198,12.754363,40.75,35.107227
2015-09-16,111.99758100000001,9.0,59.349571,13.022962,41.299999,35.460159000000004
2015-09-17,109.601952,8.61,59.841595,13.169469,41.389998999999996,35.460159000000004
2015-09-18,109.149773,8.96,60.082966000000006,13.039241,39.759997999999996,35.685642
2015-09-21,110.843056,8.58,60.315056000000006,13.161331,39.990002000000004,35.018986
2015-09-22,109.101662,8.0,59.358856,13.071796,39.459998999999996,34.430763
2015-09-23,109.986801,7.58,59.55380600000001,13.169469,39.93,34.568012
2015-09-24,110.64102199999999,7.76,59.331005000000005,13.120636,39.599998,34.587624
2015-09-25,110.36201499999999,7.39,59.395984999999996,13.218306,38.48,34.254298999999996
2015-09-28,108.17806200000001,6.71,58.346947,12.957849000000001,37.139998999999996,33.381763
2015-09-29,104.92617800000001,6.79,58.978226,13.071796,36.84,33.17588
2015-09-30,106.119179,7.33,60.639977,13.022962,37.48,33.362156
2015-10-01,105.42646,7.21,60.110817000000004,13.022962,37.490002000000004,33.764111
2015-10-02,106.19613600000001,7.89,61.020607,13.161331,37.77,34.724876
2015-10-05,106.580978,8.42,61.039168999999994,13.552017000000001,38.509997999999996,35.460159000000004
2015-10-06,107.09088100000001,8.98,62.505966,13.674107999999999,39.09,35.34251
2015-10-07,106.580978,9.15,63.740677000000005,13.942706,40.240002000000004,36.067993
2015-10-08,105.34949499999999,9.34,64.13059200000001,14.048521,39.380001,36.264069
2015-10-09,107.87017800000001,8.88,64.306976,14.015963000000001,39.189999,36.018974
2015-10-12,107.36988799999999,8.24,64.938255,14.105495000000001,38.75,36.273872
2015-10-13,107.552696,7.99,65.420998,14.007822,37.82,35.371918
2015-10-14,106.032578,8.22,65.216751,13.885734,38.349998,36.107208
2015-10-15,107.620049,8.35,66.117264,14.138053,39.110001000000004,37.116989000000004
2015-10-16,106.831116,8.4,66.07083100000001,14.268282000000001,39.310001,37.195423
2015-10-19,107.494957,8.09,66.442184,14.496184,40.09,36.52877
2015-10-20,109.45763400000001,8.19,67.073463,14.471766,41.0,36.656216
2015-10-21,109.448021,7.87,66.451462,14.288260999999999,40.709998999999996,36.244461
2015-10-22,111.122078,7.8,67.704735,14.413379,41.439999,36.52877
2015-10-23,114.566376,7.83,68.131775,14.271579999999998,41.509997999999996,36.666022999999996
2015-10-26,110.910416,7.13,68.206055,14.046370999999999,41.68,37.489536
2015-10-27,110.208076,6.72,67.66761,13.871205999999999,41.779999,36.303272
2015-10-28,114.74916100000002,6.97,67.333405,13.971302,42.939999,37.322868
2015-10-29,115.96141100000001,6.94,66.70211,13.687704,41.150002,37.303261
2015-10-30,114.970459,7.13,68.660934,13.579270999999999,40.369999,36.97974
2015-11-02,116.58676899999999,7.45,69.55216999999999,13.821162,41.869999,37.244438
2015-11-03,117.924095,7.61,68.64238,13.854527,42.32,37.136596999999995
2015-11-04,117.375694,7.46,68.373161,13.587614000000002,46.16,37.489536
2015-11-05,116.834602,7.52,68.59597,13.696045000000002,44.5,35.832703
2015-11-06,116.969872,7.34,67.008484,13.437473,44.080002,36.293476
2015-11-09,116.496429,7.27,66.720688,13.087146,44.119999,34.930756
2015-11-10,112.82481399999999,7.06,67.37982199999999,13.170557999999998,44.290001000000004,35.058201000000004
2015-11-11,112.187119,6.54,67.843994,13.237286,43.959998999999996,35.185654
2015-11-12,111.810295,6.32,66.887787,13.078806,42.869999,34.901344
2015-11-13,108.54447900000001,6.1,66.117264,12.87862,42.630001,34.479778
2015-11-16,110.322327,6.34,66.423615,13.078806,42.419998,35.314526
2015-11-17,109.84888500000001,5.87,66.507164,13.045442999999999,43.32,34.106606
2015-11-18,113.327248,6.0,66.599991,13.395766,44.939999,34.646729
2015-11-19,114.76691399999999,5.4,66.210098,13.554248000000001,44.189999,34.735110999999996
2015-11-20,115.269348,5.08,67.435516,13.746091,44.119999,34.960991
2015-11-23,113.77170600000001,5.14,67.222008,13.787799,44.130001,35.5895
2015-11-24,114.863525,5.49,66.674263,13.946276999999998,44.099998,36.247475
2015-11-25,114.042252,5.41,66.599991,13.954618,43.82,36.051064000000004
2015-11-27,113.82968100000001,5.26,66.999191,14.121442000000002,44.09,36.031425
2015-11-30,114.303123,5.27,66.943489,14.121442000000002,43.5,36.090346999999994
2015-12-01,113.375557,5.51,67.584061,14.121442000000002,43.110001000000004,36.571552000000004
2015-12-02,112.351372,5.52,66.92491899999999,13.804479999999998,43.52,35.795727
2015-12-03,111.30786100000002,4.87,66.386475,13.370743,42.470001,35.442188
2015-12-04,115.00846100000001,4.55,67.704735,13.504201,43.0,35.864475
2015-12-07,114.283798,4.27,66.989914,13.304014000000002,42.759997999999996,35.010094
2015-12-08,114.23548899999999,4.4,66.952789,13.420791,44.049999,34.754761
2015-12-09,111.713676,4.47,66.358627,13.420791,42.73,34.450317
2015-12-10,112.24508700000001,4.56,65.33744,13.295673999999998,42.57,33.920017
2015-12-11,109.356125,4.16,65.741516,13.170557999999998,42.150002,33.546837
2015-12-14,108.679771,4.0,66.418091,13.304014000000002,42.650002,33.271862
2015-12-15,106.75698899999999,3.76,66.324127,13.112171,43.52,33.625401000000004
2015-12-16,107.57826999999999,3.9,68.184738,13.487518,43.84,34.823505
2015-12-17,105.298019,3.72,69.415749,13.128854,43.759997999999996,35.04937
2015-12-18,102.44767,4.05,70.289673,12.995397,42.990002000000004,36.168911
2015-12-21,103.703766,4.06,70.65615799999999,12.895304,43.299999,36.375145
2015-12-22,103.607155,3.98,70.72193100000001,13.153877,43.32,36.168911
2015-12-23,104.940506,4.4,71.229362,13.287332999999999,43.240002000000004,36.286758
2015-12-24,104.380112,4.45,71.003838,13.320697000000001,43.080002,36.316216
2015-12-28,103.210999,4.07,71.511276,13.345719,43.400002,36.34568
2015-12-29,105.066116,4.58,72.36640200000001,13.520882,44.16,36.001957
2015-12-30,103.69410699999999,4.4,72.291229,13.370743,43.900002,35.903755
2015-12-31,101.70369699999999,4.5,71.06021899999999,13.237286,43.16,35.815376
2016-01-04,101.790649,4.95,71.60524000000001,12.803550999999999,42.830002,34.51907
2016-01-05,99.23984499999999,5.01,71.689819,13.320697000000001,42.779999,34.597621999999994
2016-01-06,97.29776,4.68,72.35701,13.087146,42.27,34.990448
2016-01-07,93.191338,4.41,72.150276,12.620047,42.419998,34.7253
2016-01-08,93.68412,4.44,72.3946,12.202993,42.32,34.744934
2016-01-11,95.201073,4.17,73.860527,12.152946,41.450001,35.245781
2016-01-12,96.582756,4.05,73.371895,11.752576,42.700001,34.577988
2016-01-13,94.099594,3.64,72.949028,11.585753,42.240002000000004,33.625401000000004
2016-01-14,96.157608,3.71,73.635002,11.544048,42.389998999999996,34.028042
2016-01-15,93.848373,3.56,71.718018,11.452297,40.169998,33.036163
2016-01-19,93.394257,3.08,70.571579,11.352203,40.060001,33.232578000000004
2016-01-20,93.519867,3.32,68.259918,11.085196,40.060001,33.016529
2016-01-21,93.046417,3.55,68.128357,11.102422,38.720001,32.780834000000006
2016-01-22,97.99342299999999,3.51,70.252083,11.601988,40.130001,33.939651
2016-01-25,96.080322,2.95,71.154205,11.343589999999999,39.439999,32.692459
2016-01-26,96.61174,3.19,73.794754,11.757024000000001,39.709998999999996,33.576294
2016-01-27,90.263725,3.28,72.3946,11.601988,38.959998999999996,32.87904
2016-01-28,90.911087,3.16,74.678078,11.619212,38.450001,33.939651
2016-01-29,94.05127,3.39,75.251289,11.82593,38.970001,34.764584
2016-02-01,93.172028,3.21,74.819046,11.670893,39.259997999999996,34.086964
2016-02-02,91.28791,2.99,74.80024,11.524467,38.43,33.821808000000004
2016-02-03,93.094734,3.36,75.95607,11.800089999999999,36.459998999999996,34.312832
2016-02-04,93.842743,3.26,76.444717,11.886221,36.080002,34.450317
2016-02-05,91.336388,3.06,76.829994,11.963741,36.119999,34.283375
2016-02-08,92.29813399999999,2.04,73.757164,11.610599,34.98,34.469963
2016-02-09,92.27869399999999,1.95,72.49797099999999,11.464175,34.599998,34.941349
2016-02-10,91.579254,1.7,73.23093399999999,11.576145,34.630001,34.833324
2016-02-11,91.02552800000001,1.78,72.43219,11.455563,34.119999,34.469963
2016-02-12,91.30725100000001,1.59,74.461937,11.541692999999999,34.209998999999996,35.000267
2016-02-16,93.88160699999999,1.86,75.551994,11.782864,35.43,34.686015999999995
2016-02-17,95.31935899999999,1.88,74.959976,11.980967,35.209998999999996,35.599323
2016-02-18,93.51245899999999,1.98,75.082146,11.713958,34.75,35.697525
2016-02-19,93.298737,2.0,76.510483,11.82593,34.759997999999996,35.795727
2016-02-22,94.114754,2.39,76.651443,11.817316,35.0,36.227833000000004
2016-02-23,91.987267,2.19,76.115822,11.851769,34.77,36.090346999999994
2016-02-24,93.35701800000001,2.69,75.645973,12.032646000000002,35.299999,37.317909
2016-02-25,93.998184,2.56,76.91456600000001,12.514984,35.330002,38.270503999999995
2016-02-26,94.143906,2.7,74.189415,12.626957,35.470001,38.064262
2016-02-29,93.930183,2.61,74.3022,12.781995,35.0,37.475037
2016-03-01,97.660561,2.76,76.801804,13.324627,35.549999,37.985706
2016-03-02,97.874298,3.4,77.422005,13.117909,35.529999,38.496365000000004
2016-03-03,98.602882,4.27,77.309227,13.453826000000001,36.25,38.741882000000004
2016-03-04,100.069786,5.08,76.952156,13.557182999999998,37.41,39.458782
2016-03-07,98.96231800000001,5.23,77.497185,13.694994,38.150002,38.761520000000004
2016-03-08,98.146294,4.3,78.87854,13.33324,37.450001,38.781166
2016-03-09,98.233734,4.63,80.485428,13.496891,37.630001,39.360577
2016-03-10,98.28229499999999,4.61,80.090767,13.496891,37.380001,39.763214000000005
2016-03-11,99.341187,4.7,81.25864399999999,13.884485999999999,37.419998,40.485645
2016-03-14,99.593773,4.38,80.79338800000001,13.910323000000002,37.07,39.100163
2016-03-15,101.594978,4.18,82.227135,13.875873,36.060001,39.258503000000005
2016-03-16,102.945305,4.39,82.67340899999999,14.203173000000001,36.279999,39.426743
2016-03-17,102.78014399999999,4.79,83.945747,14.504635999999998,37.139998999999996,40.327304999999996
2016-03-18,102.89672900000001,4.91,83.974236,14.470181,37.790001000000004,40.643978000000004
2016-03-21,102.88700899999999,4.88,82.103706,14.392664000000002,37.66,40.347088
2016-03-22,103.67388199999999,4.82,82.730377,14.659675,37.169998,40.267925
2016-03-23,103.10073100000001,4.13,82.72087900000001,14.246241,36.389998999999996,39.96114
2016-03-24,102.65385400000001,4.25,81.809364,14.366826000000001,36.349998,40.020512
2016-03-28,102.187561,4.15,82.549973,14.573542999999999,35.799999,39.822598
2016-03-29,104.606491,4.04,83.974236,15.176466,37.360001000000004,41.128899
2016-03-30,106.43283100000001,4.01,83.869781,15.219532999999998,37.259997999999996,40.406471
2016-03-31,105.879097,4.12,84.02170600000001,15.37457,37.43,40.812222
2016-04-01,106.850548,3.83,84.94272600000001,15.589901999999999,38.240002000000004,41.237755
2016-04-04,107.94830300000001,3.72,84.914238,15.460701,38.18,40.683567
2016-04-05,106.67568200000001,3.76,84.354034,15.297053,37.77,40.663776
2016-04-06,107.79287,3.73,85.43647,15.37457,39.060001,40.356987
2016-04-07,105.441956,3.61,85.521927,15.314279,39.310001,40.000725
2016-04-08,105.558517,3.76,85.96818499999999,15.357342000000001,38.540001000000004,40.099686
2016-04-11,105.90823400000001,4.5,85.844749,15.477929000000001,38.630001,39.822598
2016-04-12,107.28771200000001,6.05,86.784752,15.641577999999999,39.450001,40.624190999999996
2016-04-13,108.842041,6.06,84.657883,15.650191,39.5,40.871593
2016-04-14,108.900322,6.01,83.205116,15.788004999999998,39.009997999999996,41.307034
2016-04-15,106.714546,6.03,83.527969,15.934429999999999,38.939999,41.415890000000005
2016-04-18,104.412193,5.96,83.888779,16.063625,38.77,42.306557
2016-04-19,103.858475,6.12,84.230598,16.347862,36.0,42.484688
2016-04-20,104.072182,6.42,82.66391800000001,16.003334,36.599998,42.088837
2016-04-21,102.945305,6.19,81.296631,15.729998000000002,37.849998,42.187801
2016-04-22,102.663574,6.55,81.818855,15.941613,37.439999,42.751884000000004
2016-04-25,102.080704,6.4,82.996246,16.091507,37.049999,42.553963
2016-04-26,101.37152900000001,6.6,83.04370899999999,16.364843,37.07,43.207115
2016-04-27,95.02793100000001,7.14,83.19564100000001,16.435381,37.439999,43.335770000000004
2016-04-28,92.12326800000001,6.78,83.58493,16.655813000000002,37.150002,43.127949
2016-04-29,91.064392,6.87,83.53746,16.682266000000002,36.0,42.949818
2016-05-02,90.967239,6.59,84.97120699999999,17.043770000000002,36.66,43.296181
2016-05-03,92.46328000000001,5.8,84.81929000000001,17.202484,36.189999,42.682613
2016-05-04,91.501541,5.65,86.822739,17.458183,33.939999,42.959709000000004
2016-05-05,91.130135,5.71,86.832237,17.458183,34.189999,43.35556
2016-05-06,90.621895,4.59,87.525375,17.537539000000002,34.34,42.583652
2016-05-09,90.690315,4.1,88.455887,17.740335,35.48,42.534172
2016-05-10,91.306053,4.3,88.90216099999999,17.713882,35.310001,43.019089
2016-05-11,90.416656,4.36,88.313477,17.528719,34.549999,42.098735999999995
2016-05-12,88.295753,4.17,89.889641,17.563992000000002,34.369999,42.168003000000006
2016-05-13,88.47168,4.06,89.633286,17.484634,34.939999,42.187801
2016-05-16,91.75565300000001,3.9,92.36784399999999,17.546354,35.09,42.32658
2016-05-17,91.37447399999999,3.93,90.592285,17.2113,34.779999,41.692177
2016-05-18,92.420265,3.85,88.835686,16.946781,34.48,41.384884
2016-05-19,92.068405,3.86,88.009621,16.770439,33.709998999999996,41.890419
2016-05-20,93.065338,3.72,89.016098,16.81452,34.169998,42.177890999999995
2016-05-23,94.24794,3.67,89.462372,16.735167,34.330002,42.60413
2016-05-24,95.684692,4.05,89.41489399999999,17.096672,34.84,43.357487
2016-05-25,97.36576099999999,4.35,90.27894599999999,17.052591,34.990002000000004,43.01054
2016-05-26,98.137901,4.23,90.01308399999999,16.98205,33.43,42.911419
2016-05-27,98.079239,4.16,89.880157,17.2113,34.09,43.000633
2016-05-31,97.600334,4.29,90.630257,17.281837,33.889998999999996,43.228619
2016-06-01,96.232025,4.37,90.763184,17.352377,34.330002,43.179058000000005
2016-06-02,95.508759,4.25,92.225426,17.546354,35.16,43.119578999999995
2016-06-03,95.704224,4.09,93.46927600000001,17.643347,33.970001,43.278178999999994
2016-06-06,96.398163,4.57,94.637169,17.652163,34.48,43.942326
2016-06-07,96.789108,4.67,96.906487,17.634527,34.759997999999996,44.061271999999995
2016-06-08,96.701157,4.97,97.419212,17.987220999999998,34.790001000000004,43.872935999999996
2016-06-09,97.395081,4.88,97.647095,18.216469,34.02,43.595379
2016-06-10,96.593636,4.42,97.153358,18.040123,30.950001,42.752819
2016-06-13,95.137352,4.33,96.004059,17.546354,30.58,42.495087
2016-06-14,95.254646,4.28,96.118996,17.458183,30.440001000000002,42.614044
2016-06-15,94.941887,4.28,96.099846,17.599258,30.190001000000002,42.76273
2016-06-16,95.342613,4.24,97.373634,17.996035,30.629998999999998,42.267097
2016-06-17,93.172836,4.51,97.79504399999999,18.022488,30.08,42.277012
2016-06-20,92.948044,4.66,98.0728,18.031303,30.93,42.941154
2016-06-21,93.739723,4.62,99.614761,18.216469,30.719998999999998,42.84203
2016-06-22,93.38787099999999,4.51,100.05532099999999,18.145929000000002,30.969998999999998,42.554562
2016-06-23,93.925415,4.64,100.39053299999999,18.401628,30.76,42.970894
2016-06-24,91.286514,4.37,99.212502,18.745502,30.0,41.34523
2016-06-27,89.957291,4.06,99.720116,19.027655,29.120001000000002,40.98838
2016-06-28,91.47221400000001,4.28,102.133614,19.741851999999998,29.58,42.088673
2016-06-29,92.263885,4.42,103.62769300000001,19.812391,30.57,42.614044
2016-06-30,93.436729,4.28,104.38430799999999,20.332608999999998,30.6,43.377303999999995
2016-07-01,93.720169,4.59,104.393898,20.332608999999998,30.77,43.377303999999995
2016-07-05,92.840523,4.3,106.52966299999999,20.561857,30.6,43.129490000000004
2016-07-06,93.368317,4.35,107.362885,20.605946,31.389999,42.812290000000004
2016-07-07,93.76904300000001,4.23,104.432198,20.253254000000002,30.879998999999998,42.881676
2016-07-08,94.492294,4.24,105.581497,20.561857,31.690001000000002,43.535903999999995
2016-07-11,94.7855,4.18,105.20796999999999,20.694115,32.060001,43.555733000000004
2016-07-12,95.215546,4.58,104.997253,20.985088,32.34,43.773808
2016-07-13,94.678001,4.35,105.17923,21.52294,31.139999,44.150486
2016-07-14,96.554558,4.5,102.516724,21.390684,31.15,44.279346000000004
2016-07-15,96.544777,4.42,102.05699200000001,21.258425,31.18,44.467686
2016-07-18,97.571014,4.6,101.434464,21.33778,31.469998999999998,44.745235
2016-07-19,97.610107,4.5,101.52065999999999,20.773474,31.209999,44.378471000000005
2016-07-20,97.698074,4.74,100.447998,20.629773999999998,31.860001,44.26944
2016-07-21,97.18006899999999,4.97,97.74715400000001,20.504036,32.209998999999996,44.35865
2016-07-22,96.42749,5.39,101.185455,20.746532000000002,31.969998999999998,44.705585
2016-07-25,95.137352,5.14,100.524612,20.764494,32.299999,44.893929
2016-07-26,94.48252099999999,5.35,100.716171,20.575888,32.369999,45.052528
2016-07-27,100.62041500000001,5.19,100.936432,20.279509,32.490002000000004,44.725414
2016-07-28,101.978951,5.19,103.139252,20.791437,32.07,45.112
2016-07-29,101.85189799999999,5.42,100.045746,21.429102,30.98,45.240868
2016-08-01,103.650261,5.09,102.17192800000001,21.509932,31.48,45.399464
2016-08-02,102.115791,4.9,100.19899000000001,21.321325,30.82,45.349903000000005
2016-08-03,103.396149,5.29,97.756729,21.204573,31.42,47.976729999999996
2016-08-04,104.034889,5.13,98.714478,21.312344,31.110001,47.144077
2016-08-05,105.61696599999999,4.89,96.68405899999999,21.420118,30.459999,47.411716
2016-08-08,106.491547,5.01,96.099846,21.411137,29.99,47.659531
2016-08-09,106.92392,4.81,97.593925,21.617706,29.459999,47.738831
2016-08-10,106.12796000000002,4.8,97.31617,21.626688,19.700001,47.411716
2016-08-11,106.059174,5.03,97.34491,21.249479,20.799999,47.352238
2016-08-12,106.30483999999998,5.02,98.877296,21.527893,21.540001,47.262894
2016-08-15,107.582306,5.5,97.498138,21.474005,21.4,47.550781
2016-08-16,107.48403200000001,5.91,96.415901,21.060873,21.43,46.885666
2016-08-17,107.32682,5.68,97.478989,21.015966,20.959999,47.391949
2016-08-18,107.189247,6.2,96.94265,20.97106,21.24,48.037209000000004
2016-08-19,107.464386,6.09,96.75110600000001,20.84532,21.27,47.739391
2016-08-22,106.62912,6.09,97.31617,20.90819,21.129998999999998,47.947865
2016-08-23,106.963219,6.46,95.439003,21.231512,21.200001,48.275463
2016-08-24,106.15744,6.26,94.701546,21.231512,21.049999,48.225821999999994
2016-08-25,105.70541399999999,6.33,94.596176,21.420118,20.629998999999998,48.444218
2016-08-26,105.08633400000001,6.4,95.25703399999999,21.006982999999998,20.66,48.017348999999996
2016-08-29,104.968414,6.44,96.425476,21.060873,20.709999,48.374728999999995
2016-08-30,104.162621,6.51,94.835617,20.917173000000002,20.540001,48.255604
2016-08-31,104.260887,6.35,94.902664,20.926151,20.360001,48.047134
2016-09-01,104.87998200000001,6.25,95.24744399999999,21.069851,20.440001000000002,48.166264
2016-09-02,105.862648,6.6,95.86998,21.563817999999998,20.65,48.682472
2016-09-06,105.833153,6.8,97.593925,21.626688,20.67,48.652687
2016-09-07,106.48172,6.81,97.488564,22.09371,20.32,48.940575
2016-09-08,103.690956,7.74,96.214783,21.824270000000002,20.27,50.49913
2016-09-09,101.34236899999999,7.62,92.201836,20.593851,20.299999,48.573273
2016-09-12,103.612335,8.05,92.039017,20.602831,20.940001000000002,48.751957
2016-09-13,106.078827,7.38,89.92218000000001,19.758602,20.940001000000002,47.640125
2016-09-14,109.832603,7.17,88.97492199999999,19.776562,21.9,47.322453
2016-09-15,113.56674199999999,7.25,89.574203,19.902298000000002,22.309998999999998,47.798962
2016-09-16,112.928009,7.35,89.506546,19.938225,20.92,48.424362
2016-09-19,111.61123700000002,6.81,90.589134,20.351357,20.870001000000002,48.781738
2016-09-20,111.60141000000002,6.56,90.917763,20.36034,20.76,48.81152
2016-09-21,111.58175700000001,6.74,92.299995,20.809399,20.75,49.129191999999996
2016-09-22,112.63321699999999,6.87,94.813141,21.222532,21.5,49.665253
2016-09-23,110.756317,6.63,94.677811,21.267441,21.67,49.80423
2016-09-26,110.923363,6.62,94.37818100000001,21.222532,21.57,48.81152
2016-09-27,111.129723,6.23,93.604897,20.791437,22.1,49.268169
2016-09-28,111.974823,6.75,95.94405400000001,20.926151,21.58,49.397221
2016-09-29,110.235504,6.12,94.72614300000001,20.656717,20.700001,47.243038
2016-09-30,111.09043100000001,6.27,93.87554200000001,20.315434,20.58,48.05706
2016-10-03,110.569603,6.4,91.439728,19.983131,20.469998999999998,47.977646
2016-10-04,111.04128999999999,6.37,89.100578,19.444257999999998,20.59,46.994862
2016-10-05,111.09043100000001,6.8,87.79567,18.788635,21.190001000000002,46.905521
2016-10-06,111.91586299999999,6.65,87.950325,18.528177,21.18,46.766544
2016-10-07,112.082916,6.35,88.55928,18.195875,21.35,46.250332
2016-10-10,114.03842900000001,6.44,89.409882,18.510216,18.870001000000002,47.123917
2016-10-11,114.28408799999998,6.28,88.462616,18.339575,19.15,46.339676000000004
2016-10-12,115.30606100000001,6.29,90.202492,18.474289000000002,19.209999,46.766544
2016-10-13,114.952301,6.43,91.420395,18.716784,18.620001000000002,47.064358
2016-10-14,115.59103400000001,6.56,91.546059,18.582066,18.629998999999998,46.617634
2016-10-17,115.512428,6.35,91.768372,18.788635,19.309998999999998,46.955151
2016-10-18,115.433815,6.52,93.343918,19.022142000000002,19.91,47.669907
2016-10-19,115.089874,6.72,93.276253,19.187157,19.790001,47.43166
2016-10-20,115.030914,6.91,92.802635,19.049646,19.57,47.312531
2016-10-21,114.57888,6.68,92.483643,18.967142000000003,19.719998999999998,46.87574
2016-10-24,115.61068,6.36,92.77362099999999,19.012976000000002,19.700001,47.094134999999994
2016-10-25,116.200294,6.11,93.66289499999999,18.93047,19.52,46.945229
2016-10-26,113.586395,6.0,93.32459300000001,18.499609,19.530001000000002,46.359531
2016-10-27,112.495644,6.08,88.945915,17.417866,19.65,46.508434
2016-10-28,111.74881699999999,5.79,89.516212,17.500372,19.66,46.716904
2016-10-31,111.57193000000001,5.51,90.308815,17.546207,19.709999,47.878376
2016-11-01,109.557465,5.36,86.780746,16.647812,19.49,47.590488
2016-11-02,109.655731,5.31,85.263199,16.345292999999998,16.4,46.458797
2016-11-03,108.480354,5.4,85.736824,16.336126,16.26,47.143772
2016-11-04,107.502518,5.29,87.79567,16.693647,16.48,47.123917
2016-11-07,109.053238,5.45,90.192825,17.207017999999998,16.92,48.116627
2016-11-08,109.69523600000001,5.31,91.710373,17.188684,16.709999,47.113987
2016-11-09,109.51745600000001,5.77,88.182312,17.005339000000003,17.379998999999998,46.726833
2016-11-10,106.465424,5.7,85.28253199999999,16.501137,17.379998999999998,45.674561
2016-11-11,107.09755700000001,5.43,84.99254599999999,16.611145,17.290001,46.329746
2016-11-14,104.41098000000001,5.47,86.964401,17.271191,17.889999,46.429016
2016-11-15,105.793777,6.05,87.583015,17.051176,16.98,46.438946
2016-11-16,108.63838200000001,5.91,86.162132,17.051176,16.76,45.833397
2016-11-17,108.598877,5.89,84.615578,16.996172,17.16,46.081947
2016-11-18,108.707527,5.94,85.968811,17.13368,16.799999,46.668533000000004
2016-11-21,110.35701,6.36,86.316788,17.051176,17.16,46.728190999999995
2016-11-22,110.426147,6.44,88.916916,17.537041000000002,17.049999,47.752232
2016-11-23,109.86315900000001,6.64,86.703415,17.390364,17.219998999999998,47.911308
2016-11-25,110.416275,6.59,87.911659,17.482037,17.459999,48.149921
2016-11-28,110.198975,6.34,88.47229,17.307858,16.93,48.497894
2016-11-29,110.090332,6.37,90.37647199999999,17.47287,17.1,48.547607
2016-11-30,109.16188000000001,7.0,89.24556,17.225353,16.690001000000002,47.553391
2016-12-01,108.144531,7.05,85.678825,16.959503,16.639999,46.499519
2016-12-02,108.5495,7.23,86.123459,16.931998999999998,16.66,47.056286
2016-12-05,107.769203,7.48,86.83874499999999,17.197851,17.15,47.732346
2016-12-06,108.598877,7.58,86.732422,17.537041000000002,17.309998999999998,47.702521999999995
2016-12-07,109.665604,7.58,89.168236,17.977072,16.77,48.81604
2016-12-08,110.742218,7.6,91.062759,17.98624,16.99,49.432460999999996
2016-12-09,112.549728,7.72,90.869446,18.059578,17.4,49.879856
2016-12-12,111.90772199999999,7.35,93.24726899999999,18.068745,17.65,50.396846999999994
2016-12-13,113.77448999999999,7.37,94.310547,17.802893,17.93,51.231991
2016-12-14,113.77448999999999,7.08,92.213234,16.987005,17.66,50.277542
2016-12-15,114.396751,7.03,92.01814300000001,16.730320000000003,17.98,50.625523
2016-12-16,114.54490700000001,7.18,92.27176700000001,17.216186999999998,18.799999,50.764713
2016-12-19,115.206673,7.31,94.232506,17.427032,18.18,52.166557
2016-12-20,115.512863,7.29,93.403336,17.619547,18.370001000000002,52.186443
2016-12-21,115.621513,7.43,92.983879,17.225353,17.889999,52.037304
2016-12-22,114.860977,7.34,93.83255799999999,17.161182,17.629998999999998,52.166557
2016-12-23,115.08814199999999,7.44,93.988625,17.188684,16.879998999999998,52.415108000000004
2016-12-27,115.81905400000001,7.59,94.056915,17.188684,17.01,53.12100600000001
2016-12-28,115.325203,7.23,93.666718,17.051176,16.68,52.991756
2016-12-29,115.29557,7.16,95.99814599999999,17.317026000000002,16.75,53.399384
2016-12-30,114.396751,7.02,95.851822,17.482037,16.67,53.309906000000005
2017-01-03,114.72269399999999,6.92,96.92486600000001,17.757057,16.93,52.62389399999999
2017-01-04,114.594292,7.0,99.997658,18.279593,17.620001000000002,52.981812
2017-01-05,115.17703999999999,7.18,102.660751,18.233755,17.549999,52.256039
2017-01-06,116.461075,7.01,101.490166,18.068745,17.799999,52.285862
2017-01-09,117.527794,6.87,100.280556,17.84873,17.65,51.341353999999995
2017-01-10,117.646317,6.92,99.851334,18.032076,17.48,52.24609
2017-01-11,118.278458,6.92,99.695259,18.25209,16.120001000000002,52.564243000000005
2017-01-12,117.784599,6.93,99.98790699999999,18.261257,16.370001000000002,52.256039
2017-01-13,117.577179,6.92,99.783051,18.270426,16.33,52.653721
2017-01-17,118.525383,7.01,100.807312,18.536278,15.81,53.647938
2017-01-18,118.51550300000001,6.98,102.065704,18.527109,15.79,53.608166000000004
2017-01-19,118.30808300000001,6.62,102.182762,18.255478,15.46,52.494648
2017-01-20,118.525383,6.69,103.207031,18.508377,15.66,52.62389399999999
2017-01-23,118.604401,6.68,103.450905,18.770641,15.84,52.594069999999995
2017-01-24,118.49575800000001,6.91,104.719048,18.79874,16.01,53.170715
2017-01-25,120.382278,7.13,104.758064,18.639507000000002,16.190001000000002,53.508751000000004
2017-01-26,120.441551,7.12,104.933655,18.620775,15.92,53.787128
2017-01-27,120.451416,6.92,103.82159399999999,18.321045,15.96,53.707588
2017-01-30,120.135345,6.46,103.811829,17.993212,15.51,53.170715
2017-01-31,119.858795,6.45,104.992172,18.040049,16.18,53.389442
2017-02-01,127.167854,6.4,103.79231999999999,17.880814,16.08,53.160773999999996
2017-02-02,126.950554,6.45,104.250809,18.114981,15.91,53.349674
2017-02-03,127.49380500000001,6.57,105.10923799999999,18.349142,15.7,53.985973
2017-02-06,128.68893400000002,6.38,104.270309,18.377245000000002,15.49,53.717537
2017-02-07,129.913696,6.17,104.514191,18.227379,15.4,53.697646999999996
2017-02-08,130.417435,6.12,105.10923799999999,18.246111,16.52,53.49881
2017-02-09,131.359818,6.31,105.12873799999998,18.424078,16.139999,54.025742
2017-02-10,131.062225,6.38,104.572716,18.676975,15.99,54.662041
2017-02-13,132.222839,6.33,104.61174,18.705074,16.98,55.357994
2017-02-14,133.93901100000002,6.44,102.71929200000001,18.264845,17.030001000000002,55.188972
2017-02-15,134.425079,6.32,101.870605,18.152445,17.379998999999998,55.427589000000005
2017-02-16,134.266357,6.08,100.61222099999999,18.311676000000002,17.27,56.163311
2017-02-17,134.633408,6.1,101.597466,18.330412,18.620001000000002,56.21301999999999
2017-02-21,135.60556,6.08,102.15349599999999,18.61141,19.08,56.908974
2017-02-22,136.012268,5.92,101.158493,18.957972,18.799999,56.809551
2017-02-23,135.43692,5.75,103.236298,19.229605,19.049999,56.710129
2017-02-24,135.565887,5.66,105.187279,19.501234,18.98,57.256947
2017-02-27,135.83371,5.62,104.972672,19.669833999999998,19.25,56.441689000000004
2017-02-28,135.89325,5.45,105.35311100000001,19.304539000000002,19.43,54.811172
2017-03-01,138.670807,5.57,105.392128,19.229605,19.43,58.877522
2017-03-02,137.847473,5.36,104.728798,19.061007,19.02,57.684456000000004
2017-03-03,138.660889,5.32,105.675026,19.18277,19.35,57.604918999999995
2017-03-06,138.224426,5.35,105.060455,19.192137,19.25,57.545269
2017-03-07,138.402985,5.26,104.84585600000001,19.145304,19.120001000000002,57.465729
2017-03-08,137.887146,4.94,101.821831,18.330412,19.139999,57.326542
2017-03-09,137.56968700000002,5.13,101.431641,17.955745999999998,19.15,56.451626
2017-03-10,138.026016,5.15,101.353592,17.871449,19.309998999999998,57.038216000000006
2017-03-13,138.08554099999998,5.33,101.54061899999999,17.983849,19.67,56.848755000000004
2017-03-14,137.877228,5.24,100.792542,17.946382999999997,19.209999,56.719124
2017-03-15,139.335464,5.45,102.869423,18.639507000000002,19.07,58.643668999999996
2017-03-16,139.563614,5.45,101.78669000000001,18.639507000000002,19.030001000000002,57.646496
2017-03-17,138.869217,5.29,101.27484100000001,18.939238,19.049999,57.825989
2017-03-20,140.32745400000002,5.18,102.101669,19.070372,19.049999,57.616581000000004
2017-03-21,138.72041299999998,5.07,101.835899,18.864304999999998,18.9,56.35017
2017-03-22,140.287766,5.0,102.987526,18.929871,19.18,56.150738
2017-03-23,139.79176299999997,5.09,103.25329599999999,19.238972,19.15,55.961273
2017-03-24,139.51400800000002,5.22,102.11150400000001,19.257702,19.379998999999998,56.489777000000004
2017-03-27,139.752106,5.16,101.18626400000001,19.238972,19.25,56.868702
2017-03-28,142.64871200000002,5.39,101.875275,19.220236,19.07,57.167854000000005
2017-03-29,142.966141,5.81,103.715919,19.276436,19.200001,56.928532
2017-03-30,142.777664,5.85,103.784821,19.40757,19.120001000000002,56.958443
2017-03-31,142.509842,5.94,104.71991,19.604267,19.200001,56.91856
2017-04-03,142.54951499999999,5.92,104.523048,19.669833999999998,18.98,57.49691800000001
2017-04-04,143.610962,6.32,104.217911,19.857164,18.98,57.516861
2017-04-05,142.866959,6.11,105.20220900000001,19.875898,18.5,57.556751
2017-04-06,142.509842,6.28,106.531021,20.072598,18.370001000000002,58.294655000000006
2017-04-07,142.192398,6.2,106.993645,20.184995999999998,18.690001000000002,57.277538
2017-04-10,142.02375800000002,6.23,107.58422900000001,20.409794,18.440001000000002,57.26756999999999
2017-04-11,140.496094,6.18,107.702339,20.840657999999998,18.469998999999998,58.075279
2017-04-12,140.664734,6.15,108.19448899999999,20.775093,18.0,57.955616000000006
2017-04-13,139.92073100000002,5.89,107.88935900000001,20.803188000000002,18.15,57.078109999999995
2017-04-17,140.69448899999998,5.69,109.493774,21.290251,18.01,57.806042000000005
2017-04-18,140.06951899999999,5.66,110.241844,21.308987,17.940001000000002,57.407173
2017-04-19,139.553696,5.5,111.245827,21.184875,17.92,57.227683999999996
2017-04-20,141.299591,5.56,111.501747,21.041672,17.75,57.317425
2017-04-21,141.130966,5.52,111.108025,21.041672,17.610001,57.586666
2017-04-24,142.48998999999998,5.38,110.192627,20.717072,17.75,58.573868000000004
2017-04-25,143.372864,5.51,110.330421,20.669334,18.33,58.922874
2017-04-26,142.529663,5.47,109.47409099999999,20.468847,18.459999,59.291828
2017-04-27,142.638794,5.29,111.51158899999999,20.459298999999998,18.33,59.012618999999994
2017-04-28,142.499893,5.26,113.03726200000001,20.354282,18.389999,58.892959999999995
2017-05-01,145.406448,5.31,112.46637,20.411564000000002,18.68,58.813187
2017-05-02,146.32901,5.32,110.999756,20.325642000000002,18.68,59.810356000000006
2017-05-03,145.882614,5.54,109.75953700000001,19.981949,22.5,58.982704000000005
2017-05-04,145.35685700000002,5.13,110.11388400000001,19.571426000000002,21.92,57.825989
2017-05-05,147.76741,5.46,112.023422,19.876929999999998,22.379998999999998,57.945648
2017-05-08,151.784973,5.55,111.757668,19.981949,22.02,57.297484999999995
2017-05-09,152.757141,5.4,112.21044199999999,19.905573,23.190001000000002,57.516861
2017-05-10,152.032974,5.75,112.63368999999999,20.134701,22.719998999999998,57.207737
2017-05-11,153.347809,5.72,111.88561999999999,20.153795000000002,22.040001,57.467006999999995
2017-05-12,155.48941000000002,5.63,113.273499,20.325642000000002,22.15,56.878674
2017-05-15,155.090958,5.57,114.13967099999999,20.48794,22.26,56.749039
2017-05-16,154.861862,5.54,113.411293,20.516582,21.93,56.609435999999995
2017-05-17,149.662277,5.49,113.401443,20.764805,21.48,56.240486
2017-05-18,151.943314,5.57,112.860092,20.965292,21.629998999999998,56.490128000000006
2017-05-19,152.461288,5.78,113.03726200000001,21.184875,21.08,56.849621
2017-05-22,153.38765,5.73,114.060928,21.165781,21.15,57.50869
2017-05-23,153.198395,5.67,114.366074,21.242157000000002,20.620001000000002,57.838218999999995
2017-05-24,152.740189,5.55,115.33068100000001,21.203968,20.469998999999998,58.047928000000006
2017-05-25,153.268112,5.18,116.895729,21.003481,20.209999,58.107838
2017-05-26,153.00914,5.29,115.960632,20.888914,20.309998999999998,59.396018999999995
2017-05-30,153.068893,5.1,116.14765200000001,20.612053,20.08,59.41599300000001
2017-05-31,152.16246,5.06,116.334671,20.621599,20.35,59.435963
2017-06-01,152.580811,5.1,115.95079799999999,21.070308999999998,20.459999,59.575764
2017-06-02,154.841934,4.96,117.88986200000001,21.375814000000002,20.700001,59.85536999999999
2017-06-05,153.32788100000002,4.89,117.092583,21.194423999999998,21.120001000000002,58.557205
2017-06-06,153.845856,5.04,116.96462199999999,21.165781,21.6,58.706993000000004
2017-06-07,154.76225300000002,4.8,116.167336,21.299438000000002,21.5,59.665638
2017-06-08,154.38374299999998,4.74,114.917274,21.299438000000002,21.66,60.304733
2017-06-09,148.397247,4.97,111.541122,21.452189999999998,21.98,60.584339
2017-06-12,144.85116599999998,5.06,112.899452,21.805432999999997,22.24,60.504452
2017-06-13,146.01658600000002,5.28,114.47728700000002,21.795885000000002,22.66,61.153538
2017-06-14,144.592194,5.02,116.55129199999999,21.834073999999998,23.040001,60.764084
2017-06-15,143.72558600000002,5.0,116.84899899999999,21.690868,23.389999,60.744114
2017-06-16,141.713501,5.1,115.71772,21.557209,23.879998999999998,60.644253000000006
2017-06-19,145.76757800000001,4.99,115.658188,21.700413,24.469998999999998,60.33469
2017-06-20,144.44276399999998,4.91,116.73983799999999,21.853168,25.049999,60.124989
2017-06-21,145.299408,4.52,118.168823,21.624039,26.469998999999998,59.47590600000001
2017-06-22,145.060364,4.5,119.498566,21.604944,26.26,59.55579399999999
2017-06-23,145.707809,4.57,119.617653,21.499928,26.389999,59.775482
2017-06-26,145.249619,4.67,119.23063700000002,21.308987,26.42,59.915282999999995
2017-06-27,143.167786,4.8,115.74748999999998,20.90801,25.41,59.306144999999994
2017-06-28,145.259567,4.86,114.47728700000002,18.454422,26.26,59.625693999999996
2017-06-29,143.117966,4.96,112.06588,17.480623,25.67,58.916698
2017-06-30,143.45665,4.97,112.085724,17.480623,25.84,58.597149
2017-07-03,142.93868999999998,5.12,112.44296999999999,17.623831,25.719998999999998,58.627106000000005
2017-07-05,143.526367,4.78,110.15065,17.289684,25.75,57.688435
2017-07-06,142.17169199999998,4.66,108.523201,16.955538,25.34,56.869591
2017-07-07,143.61601299999998,4.54,109.307152,17.089195,25.66,57.398842
2017-07-10,144.49258400000002,4.66,109.21784199999999,16.793238,25.17,55.98085
2017-07-11,144.960739,4.72,108.76136000000001,16.812334,25.25,55.741188
2017-07-12,145.16992199999999,4.67,111.14299799999999,17.10829,25.620001000000002,56.929504
2017-07-13,147.191986,4.78,111.639175,17.079649,25.34,56.869591
2017-07-14,148.457001,4.87,111.56971000000001,17.289684,24.74,57.688435
2017-07-17,148.974976,4.85,111.84756499999999,17.43289,24.700001,57.93808000000001
2017-07-18,149.49295,4.76,112.145271,17.385153,24.719998999999998,57.978027000000004
2017-07-19,150.429276,4.96,111.49031799999999,17.490170000000003,24.75,58.32753
2017-07-20,149.751923,4.84,111.252159,17.451065,24.32,58.387446999999995
2017-07-21,149.682205,4.69,111.59948,17.079557,24.16,58.706993000000004
2017-07-24,151.495071,4.66,112.38343,17.177322,24.16,58.337513
2017-07-25,152.142548,4.85,111.57963600000001,17.177322,23.860001,58.83680699999999
2017-07-26,152.859726,4.84,112.452896,17.490170000000003,23.74,59.076468999999996
2017-07-27,149.971069,5.06,113.27655,17.646595,23.459999,58.417404000000005
2017-07-28,148.915207,5.06,112.31397199999999,17.666147,23.66,58.94665500000001
2017-07-31,148.148224,4.96,114.45743600000002,17.333745999999998,24.27,59.216274
2017-08-01,149.46305800000002,4.79,116.690224,17.724806,24.219998999999998,60.065075
2017-08-02,156.52533,4.62,116.23374199999999,17.441288,24.01,60.464507999999995
2017-08-03,154.961472,4.5,114.864304,17.74436,24.26,57.558617000000005
2017-08-04,155.77825900000002,4.53,114.31851200000001,17.93989,24.889999,57.888153
2017-08-07,158.188797,4.35,113.683403,18.037657,25.209999,57.93808000000001
2017-08-08,159.453827,4.4,112.899452,17.871456,25.549999,57.388859
2017-08-09,160.429993,4.37,113.53456100000001,17.705256,27.98,57.588573
2017-08-10,155.320007,4.14,111.986496,17.734582999999997,27.200001,56.580002
2017-08-11,157.479996,4.14,110.964378,17.724806,27.76,56.130001
2017-08-14,159.850006,4.07,113.97119099999999,18.096315,27.870001000000002,57.060001
2017-08-15,161.600006,3.98,114.24904599999999,18.125645000000002,28.049999,56.439999
2017-08-16,160.949997,4.0,115.59863999999999,18.02788,27.85,56.540001000000004
2017-08-17,157.860001,3.88,114.606293,17.891006,27.860001,55.610001000000004
2017-08-18,157.5,3.96,113.981117,17.783466,28.799999,55.709998999999996
2017-08-21,157.21000700000002,3.82,115.549026,17.988773000000002,28.940001000000002,56.150002
2017-08-22,159.779999,3.85,116.72991200000001,17.675924,28.959999,56.41
2017-08-23,159.979996,3.89,117.236015,17.891006,29.25,56.009997999999996
2017-08-24,159.270004,3.86,117.037552,17.822573000000002,29.52,55.790001000000004
2017-08-25,159.860001,3.79,117.236015,17.930115,29.32,55.560001
2017-08-28,161.470001,3.65,116.67038000000001,17.754137,29.57,56.209998999999996
2017-08-29,162.91000400000001,3.64,116.47190900000001,17.783466,29.9,56.389998999999996
2017-08-30,163.350006,3.61,117.156624,17.978996,30.110001,56.779999
2017-08-31,164.0,3.64,117.43447900000001,18.13542,30.49,57.439999
2017-09-01,164.050003,3.76,116.809303,18.096315,30.25,57.369999
2017-09-05,162.080002,3.7,118.26805900000001,17.842125,30.32,57.919998
2017-09-06,161.91000400000001,3.76,118.77415500000001,17.881231,32.57,57.59
2017-09-07,161.259995,3.87,120.50083899999998,17.832348,32.419998,57.189999
2017-09-08,158.630005,3.64,119.70696299999999,17.959444,32.529999,57.5
2017-09-11,161.5,3.63,125.07556899999999,18.096315,32.099998,57.650002
2017-09-12,160.860001,3.74,123.825203,17.949667,32.34,57.049999
2017-09-13,159.649994,3.94,120.610001,17.998549,32.57,57.549999
2017-09-14,158.279999,4.1,120.93,18.19408,32.75,57.709998999999996
2017-09-15,159.880005,4.0,117.589996,18.340726999999998,32.869999,57.66
2017-09-18,158.669998,4.05,117.099998,18.057207000000002,33.049999,58.09
2017-09-19,158.729996,4.04,117.260002,17.891006,32.91,58.540001000000004
2017-09-20,156.070007,4.19,114.949997,17.920338,33.509997999999996,58.450001
2017-09-21,153.389999,4.17,116.230003,17.900783999999998,33.610001000000004,57.779999
2017-09-22,151.889999,4.22,114.510002,18.02788,33.790001000000004,57.68
2017-09-25,150.550003,4.37,114.220001,18.340726999999998,34.509997999999996,57.57
2017-09-26,153.139999,4.37,113.290001,18.33095,34.48,57.950001
2017-09-27,154.229996,4.42,115.25,18.272292999999998,36.0,59.09
2017-09-28,153.279999,4.35,116.160004,18.184303,36.200001,63.41
2017-09-29,154.119995,4.3,118.33000200000001,18.350504,36.18,61.049999
2017-10-02,153.809998,4.35,118.459999,18.546034,36.779999,61.060001
2017-10-03,154.479996,4.29,116.5,18.72201,37.130001,60.799999
2017-10-04,153.479996,4.27,117.050003,18.624245000000002,36.369999,60.630001
2017-10-05,155.389999,4.3,118.410004,18.702457,36.509997999999996,60.439999
2017-10-06,155.300003,4.2,118.220001,18.682904999999998,37.139998999999996,60.59
2017-10-09,155.83999599999999,4.19,118.959999,18.643798999999998,36.619999,61.459998999999996
2017-10-10,155.899994,3.91,119.760002,18.653576,36.849998,61.970001
2017-10-11,156.550003,3.95,120.620003,18.692682,36.91,61.810001
2017-10-12,156.0,3.85,122.75,18.849106,36.549999,62.040001000000004
2017-10-13,156.990005,3.88,121.779999,19.054413,36.439999,62.650002
2017-10-16,159.880005,3.82,121.739998,19.054413,36.099998,63.23
2017-10-17,160.470001,3.78,122.720001,19.005529,35.84,63.470001
2017-10-18,159.759995,3.77,123.849998,18.888212,34.439999,64.860001
2017-10-19,155.979996,3.84,123.879997,18.809998999999998,34.389998999999996,64.440002
2017-10-20,156.25,3.8,123.389999,18.219998999999998,34.860001000000004,64.940002
2017-10-23,156.169998,3.61,120.220001,18.120001000000002,34.82,64.879997
2017-10-24,157.100006,3.65,121.190002,18.120001000000002,33.810001,65.050003
2017-10-25,156.41000400000001,3.55,122.980003,17.91,33.689999,63.939999
2017-10-26,157.41000400000001,3.53,115.809998,17.959999,33.950001,64.290001
2017-10-27,163.050003,3.77,116.550003,18.139999,34.860001000000004,65.510002
2017-10-30,166.720001,3.84,117.589996,18.02,34.450001,64.360001
2017-10-31,169.03999299999998,3.9,118.440002,18.17,34.279999,64.93
2017-11-01,166.889999,3.96,116.940002,18.35,33.84,64.239998
2017-11-02,168.110001,3.66,118.769997,18.57,28.559998999999998,64.790001
2017-11-03,172.5,3.74,119.059998,18.43,28.450001,64.760002
